character_id,name,house,image
1,Addam Marbrand,Other,
2,Aegon Targaryen,Targaryen,
3,Aeron Greyjoy,Greyjoy,https://images-na.ssl-images-amazon.com/images/M/MV5BNzI5MDg0ZDAtN2Y2ZC00MzU1LTgyYjQtNTBjYjEzODczZDVhXkEyXkFqcGdeQXVyNTg0Nzg4NTE@._V1._SX100_SY140_.jpg
4,Aerys II Targaryen,Targaryen,https://images-na.ssl-images-amazon.com/images/M/MV5BMWQzOWViN2ItNDZhOS00MmZlLTkxZTYtZDg5NGUwMGRmYWZjL2ltYWdlL2ltYWdlXkEyXkFqcGdeQXVyMjk3NTUyOTc@._V1._SX100_SY140_.jpg
5,Akho,Other,https://images-na.ssl-images-amazon.com/images/M/MV5BOGE4ZDZmOGUtNGE4Ny00Y2VmLThiOGItMjk3Y2U0ZDY3OWQxXkEyXkFqcGdeQXVyMjk3NTUyOTc@._V1._SX100_SY140_.jpg
6,Alliser Thorne,Other,https://images-na.ssl-images-amazon.com/images/M/MV5BMjAxMjExMjA3M15BMl5BanBnXkFtZTcwMjI1ODg5NA@@._V1._SX100_SY140_.jpg
7,Alton Lannister,Lannister,https://images-na.ssl-images-amazon.com/images/M/MV5BMTU0NTU1NTAzOF5BMl5BanBnXkFtZTcwNzA2NDk4OA@@._V1._SX100_SY140_.jpg
8,Alys Karstark,Other,
9,Amory Lorch,Other,https://images-na.ssl-images-amazon.com/images/M/MV5BOTVmY2M2YmUtY2JkYS00NjIyLWFhYTAtNTNlZmI4ODdiNmE5XkEyXkFqcGdeQXVyMjg2MTMyNTM@._V1._SX100_SY140_.jpg
10,Anguy,Other,https://images-na.ssl-images-amazon.com/images/M/MV5BNmRhY2M4YmItNjc2Yi00ZDc0LWE5NmUtNGE5OWE0YTQ2YjY3XkEyXkFqcGdeQXVyMjk3NTUyOTc@._V1._SX100_SY140_.jpg
11,Archmaester Marwyn,Other,
12,Areo Hotah,Other,https://images-na.ssl-images-amazon.com/images/M/MV5BNWFkNTAwNzctOGQ2ZS00OTMyLWE3NDYtOGUwM2E1MzVlYjI0XkEyXkFqcGdeQXVyMjk3NTUyOTc@._V1._SX100_SY140_.jpg
13,Armeca,Other,https://images-na.ssl-images-amazon.com/images/M/MV5BZmQyMGVlMDctYWFhMi00YzMyLTlkZDgtOWNmZTY3NmZkYzZlXkEyXkFqcGdeQXVyMjk3NTUyOTc@._V1._SX100_SY140_.jpg
14,Arthur,Other,
15,Arthur Dayne,Other,https://images-na.ssl-images-amazon.com/images/M/MV5BODczZDUxYmQtMzk1MC00ZTUwLTk1MjAtZDJlODViMWFhOGU5XkEyXkFqcGdeQXVyMjk3NTUyOTc@._V1._SX100_SY140_.jpg
16,Arya Stark,Stark,https://images-na.ssl-images-amazon.com/images/M/MV5BMTk5MTYwNDc0OF5BMl5BanBnXkFtZTcwOTg2NDg1Nw@@._V1._SX100_SY140_.jpg
17,Baby Sam,Other,
18,Balon Greyjoy,Greyjoy,https://images-na.ssl-images-amazon.com/images/M/MV5BMTUxNjkwODczN15BMl5BanBnXkFtZTcwODMwNTgzNw@@._V1._SX100_SY140_.jpg
19,Baratheon Guard,Baratheon,
20,Barristan Selmy,Other,https://images-na.ssl-images-amazon.com/images/M/MV5BMTUyMTE0NjUxNV5BMl5BanBnXkFtZTcwOTA1ODg5NA@@._V1._SX100_SY140_.jpg
21,Benjen Stark,Stark,https://images-na.ssl-images-amazon.com/images/M/MV5BMjFiY2M5MjgtZmRiMS00ZTAyLTk2Y2UtMjdjZTRkZmVlYTMyXkEyXkFqcGdeQXVyMjk3NTUyOTc@._V1._SX100_SY140_.jpg
22,Beric Dondarrion,Other,https://images-na.ssl-images-amazon.com/images/M/MV5BMjQwMTEwNTg2MF5BMl5BanBnXkFtZTgwNTAxODYxOTE@._V1._SX100_SY140_.jpg
23,Bianca,Other,https://images-na.ssl-images-amazon.com/images/M/MV5BYWJhYjcxYzgtMDlhZi00OGNhLWE0NzAtMWFhMDJlYTZmYzY2XkEyXkFqcGdeQXVyMjk3NTUyOTc@._V1._SX100_SY140_.jpg
24,Biter,Other,https://images-na.ssl-images-amazon.com/images/M/MV5BMjQ1ZWY3NTYtNmYzZS00ZDQyLThhMDItYTQyNmU0ZDg5NWViL2ltYWdlXkEyXkFqcGdeQXVyMjk3NTUyOTc@._V1_SY100_SX100_AL_.jpg
25,Black Lorren,Other,https://images-na.ssl-images-amazon.com/images/M/MV5BNjg5ZGZjZDUtZmJmNC00MjQ5LWJhZDAtOTc0MzYzNTNkMTZiXkEyXkFqcGdeQXVyMjk3NTUyOTc@._V1._SX100_SY140_.jpg
26,Black Walder Rivers,Frey,
27,Bobono,Other,https://images-na.ssl-images-amazon.com/images/M/MV5BZWRmNWVhNTctOGJlZC00ZjVlLThkY2MtODU3Y2I2Njc1YzZjL2ltYWdlXkEyXkFqcGdeQXVyMjk3NTUyOTc@._V1._SX100_SY140_.jpg
28,Bowen Marsh,Other,https://images-na.ssl-images-amazon.com/images/M/MV5BNmRkMDYxYjQtYTBjZi00NDZlLThmNGMtYzlhNGI1ZDE5NTJmXkEyXkFqcGdeQXVyMjk3NTUyOTc@._V1._SX100_SY140_.jpg
29,Brandon Stark,Stark,
30,Bran Stark,Stark,https://images-na.ssl-images-amazon.com/images/M/MV5BMTA1NTg0NTI3MTBeQTJeQWpwZ15BbWU3MDEyNjg4OTQ@._V1._SX100_SY140_.jpg
31,Brea,Other,https://images-na.ssl-images-amazon.com/images/M/MV5BMTUxMzc4MjE3N15BMl5BanBnXkFtZTgwMDg0Njc5NTE@._V1._SX100_SY140_.jpg
32,Brienne of Tarth,Other,https://images-na.ssl-images-amazon.com/images/M/MV5BMTYzNDY4NzgzOV5BMl5BanBnXkFtZTcwNDM5ODg4OQ@@._V1._SX100_SY140_.jpg
33,Bronn,Other,https://images-na.ssl-images-amazon.com/images/M/MV5BMTY0MzI5MjY1OV5BMl5BanBnXkFtZTcwODM1ODg4OQ@@._V1._SX100_SY140_.jpg
34,Brother Ray,Other,https://images-na.ssl-images-amazon.com/images/M/MV5BMTAwNjU5MTY3NzleQTJeQWpwZ15BbWU4MDIwODkwMTkx._V1._SX100_SY140_.jpg
35,Brynden Tully,Tully,https://images-na.ssl-images-amazon.com/images/M/MV5BOTg5ZDIwOWUtMjQ1OS00YjgxLThmMDgtOWUwZjQ4MzE3ZDhlXkEyXkFqcGdeQXVyMjk3NTUyOTc@._V1._SX100_SY140_.jpg
36,Captain of the Archers,Other,
37,Catelyn Stark,"['Stark', 'Tully']",https://images-na.ssl-images-amazon.com/images/M/MV5BMTY2ODc4MTkxMV5BMl5BanBnXkFtZTcwNjM3MTg4OQ@@._V1._SX100_SY140_.jpg
38,Catspaw Assassin,Other,
39,Cersei Lannister,"['Lannister', 'Baratheon']","https://images-na.ssl-images-amazon.com/images/M/MV5BMTgzNTAxNjExMl5BMl5BanBnXkFtZTcwMDEwNzI4OQ@@._V1._CR954,56,605,670._SX100_SY140_.jpg"
40,Child of the Forest,Other,https://images-na.ssl-images-amazon.com/images/M/MV5BOTdjYmYxNjctODU1OC00NzIwLTk0ODktNDc3NzA2MzRhYzIwXkEyXkFqcGdeQXVyNTcxMzMwNTA@._V1._SX100_SY140_.jpg
41,Citadel Maester,Other,https://images-na.ssl-images-amazon.com/images/M/MV5BMTg3NDA1Nzc5Nl5BMl5BanBnXkFtZTgwMjIwNTgyOTE@._V1._SX100_SY140_.jpg
42,Colen of Greenpools,Other,
43,Craster,Other,https://images-na.ssl-images-amazon.com/images/M/MV5BMzZiNjZiMGItNTQ2Yi00MGU3LWFjMTktNzlmNDFlYzA3MjY3XkEyXkFqcGdeQXVyMjk3NTUyOTc@._V1._SX100_SY140_.jpg
44,Daario Naharis,Other,https://images-na.ssl-images-amazon.com/images/M/MV5BY2ExMDJmNzMtMDVmZi00MDNlLWI1NzYtOTkxOTdlOWU4YzE4XkEyXkFqcGdeQXVyNTcxMzMwNTA@._V1._SX100_SY140_.jpg
45,Daenerys Targaryen,Targaryen,https://images-na.ssl-images-amazon.com/images/M/MV5BMjA4MzIxMTQwMF5BMl5BanBnXkFtZTcwMzY2NDg1Nw@@._V1._SX100_SY140_.jpg
46,Dagmer Cleftjaw,Other,https://images-na.ssl-images-amazon.com/images/M/MV5BYWRlYzI5ZTQtODU0My00MWUyLWExNTMtNGQ4OTIwYzE2YzFiXkEyXkFqcGdeQXVyMjk3NTUyOTc@._V1._SX100_SY140_.jpg
47,Daisy,Other,https://images-na.ssl-images-amazon.com/images/M/MV5BMDk2ODRhNzItOGZhNi00YTUyLThkMzctMDQ2Zjg5MzY1NTI2XkEyXkFqcGdeQXVyMjk3NTUyOTc@._V1._SX100_SY140_.jpg
48,Davos Seaworth,Other,https://images-na.ssl-images-amazon.com/images/M/MV5BNTMwODc0NzI4Ml5BMl5BanBnXkFtZTcwNzY3NDk4OQ@@._V1._SX100_SY140_.jpg
49,Dickon Tarly,Other,https://images-na.ssl-images-amazon.com/images/M/MV5BNzk1YjNlZGQtNTU0MC00OGZmLThhYTQtZDM1ZjI2OGNlZGQxXkEyXkFqcGdeQXVyMjk3NTUyOTc@._V1._SX100_SY140_.jpg
50,Dongo the Giant,Other,https://images-na.ssl-images-amazon.com/images/M/MV5BNTRjNGYxNWItYmRhNS00MDY3LWFmZTItMzYzNTEwMjg3YTA1XkEyXkFqcGdeQXVyNDUzOTQ5MjY@._V1._SX100_SY140_.jpg
51,Donnel Waynwood,Other,
52,Dontos Hollard,Other,https://images-na.ssl-images-amazon.com/images/M/MV5BNzUzYzg5NGUtOWE5Zi00Y2MwLTg2YzQtMDZlOWE1NDZjZmFkXkEyXkFqcGdeQXVyMjk3NTUyOTc@._V1._SX100_SY140_.jpg
53,Doran Martell,Martell,https://images-na.ssl-images-amazon.com/images/M/MV5BZWU5NzJkNWMtYTM4MS00YmE2LWExYmItNDNiOTE3YzI5YzAxXkEyXkFqcGdeQXVyNDUzOTQ5MjY@._V1._SX100_SY140_.jpg
54,Doreah,Other,https://images-na.ssl-images-amazon.com/images/M/MV5BMjEzNWJmNzYtZjFhYy00NmI5LWFkOWUtOWQ0ZjUzZDYwYjM1XkEyXkFqcGdeQXVyMjk3NTUyOTc@._V1._SX100_SY140_.jpg
55,Dothraki Bloodrider #1,Other,https://images-na.ssl-images-amazon.com/images/M/MV5BMTQ2Mzk1MzczMl5BMl5BanBnXkFtZTgwNDQyODAxODE@._V1._SX100_SY140_.jpg
56,Dothraki Bloodrider #2,Other,https://images-na.ssl-images-amazon.com/images/M/MV5BMTQ2Mzk1MzczMl5BMl5BanBnXkFtZTgwNDQyODAxODE@._V1._SX100_SY140_.jpg
57,Drennan,Other,
58,Drogon,Targaryen,
59,Drowned Priest,Other,https://images-na.ssl-images-amazon.com/images/M/MV5BOGEwMjRhYzgtYjY1YS00MjhlLTllYjYtNWQzOGQxOTE3ZDczXkEyXkFqcGdeQXVyMjk3NTUyOTc@._V1._SX100_SY140_.jpg
60,Eddard Stark,Stark,https://images-na.ssl-images-amazon.com/images/M/MV5BODcwMjg0MDQ5MF5BMl5BanBnXkFtZTcwMTk2NDk4OQ@@._V1._SX100_SY140_.jpg
61,Eddison Tollett,Other,https://images-na.ssl-images-amazon.com/images/M/MV5BMTY1MjQ4ODAwNV5BMl5BanBnXkFtZTcwMTc5NDk4OQ@@._V1._SX100_SY140_.jpg
62,Edmure Tully,Tully,https://images-na.ssl-images-amazon.com/images/M/MV5BYjEzNThlMmQtMDgzYi00MTQ5LTllMzQtNDZjY2JiMTVhNmNkXkEyXkFqcGdeQXVyMjk3NTUyOTc@._V1._SX100_SY140_.jpg
63,Ellaria Sand,Martell,https://images-na.ssl-images-amazon.com/images/M/MV5BNWQ0ZDE5NDUtNDVmZi00ZTI5LTkyOTgtNDhiNjMwZjY3ZjgwXkEyXkFqcGdeQXVyMjk3NTUyOTc@._V1._SX100_SY140_.jpg
64,Elia Martell,Martell,
65,Eon Hunter,Other,
66,Euron Greyjoy,Greyjoy,https://images-na.ssl-images-amazon.com/images/M/MV5BNzg1MTJhMjMtMmY4Yy00NTU2LTliZWUtNjM4YzAxY2M3ZDBkXkEyXkFqcGdeQXVyMjk3NTUyOTc@._V1._SX100_SY140_.jpg
67,Faceless Man,Other,"https://images-na.ssl-images-amazon.com/images/M/MV5BMjI4ODYxODI0MF5BMl5BanBnXkFtZTgwMDk4NDY0NTE@._V1_UX214_CR0,0,214,317_AL_.jpg"
68,Farlen,Other,
69,Gared,Other,https://images-na.ssl-images-amazon.com/images/M/MV5BNGYxZjljZTctZjIxYy00YmUwLTk3MDgtZWIyZjhkNDgwYTZiXkEyXkFqcGdeQXVyMjk3NTUyOTc@._V1._SX100_SY140_.jpg
70,Gatins,Other,https://images-na.ssl-images-amazon.com/images/M/MV5BNzIwZmJkNDktZWMwMC00ZGNlLWJkNWYtN2ZmOWEzNDFiNWMyXkEyXkFqcGdeQXVyMjk3NTUyOTc@._V1._SX100_SY140_.jpg
71,Gendry,Baratheon,https://images-na.ssl-images-amazon.com/images/M/MV5BMTcxNzYwMTk4MV5BMl5BanBnXkFtZTcwNDg1ODg4OQ@@._V1._SX100_SY140_.jpg
72,Gerold Hightower,Other,https://images-na.ssl-images-amazon.com/images/M/MV5BODc3OTIzYmEtYjk2Yy00NTgwLTk4OWMtMjlmMmJmNDE5OGU2XkEyXkFqcGdeQXVyNjU5MTM2ODI@._V1._SX100_SY140_.jpg
73,Ghost,Stark,
74,Gilly,Other,https://images-na.ssl-images-amazon.com/images/M/MV5BMTYzOTQxMTA3MF5BMl5BanBnXkFtZTcwODM5NDk4OQ@@._V1._SX100_SY140_.jpg
75,Goldcloak,Other,
76,Goldcloak,Other,
77,Goldcloak #1,Other,
78,Goldcloak #2,Other,
79,Grand Maester Pycelle,Other,https://images-na.ssl-images-amazon.com/images/M/MV5BMjEyNDA4MzQ3MF5BMl5BanBnXkFtZTcwNTM3ODg4OQ@@._V1._SX100_SY140_.jpg
80,Great Master #1,Other,
81,Great Master #2,Other,
82,Great Master #3,Other,
83,Great Master #4,Other,
84,Great Master #5,Other,
85,Great Master #6,Other,
86,Great Master #7,Other,
87,Greatjon Umber,Other,https://images-na.ssl-images-amazon.com/images/M/MV5BN2VjMTM4OTItMDUxMi00N2NiLThhMWMtNGNhMDQ4OGJhOWU0XkEyXkFqcGdeQXVyMjk3NTUyOTc@._V1._SX100_SY140_.jpg
88,Gregor Clegane,Other,https://images-na.ssl-images-amazon.com/images/M/MV5BMTU3OTg2MTM2MF5BMl5BanBnXkFtZTcwNDk1NzE5OQ@@._V1._SX100_SY140_.jpg
89,Greizhen mo Ullhor,Other,https://images-na.ssl-images-amazon.com/images/M/MV5BMmYwNjBkZDItZmQyNi00MjhiLWFhMjYtNzk3YWJmMzJhZTFkXkEyXkFqcGdeQXVyMjg2MTMyNTM@._V1._SX100_SY140_.jpg
90,Grenn,Other,https://images-na.ssl-images-amazon.com/images/M/MV5BMzkzOTI0NjM3MV5BMl5BanBnXkFtZTcwMTY3ODg4OQ@@._V1._SX100_SY140_.jpg
91,Grey Wind,Stark,
92,Grey Worm,Other,https://images-na.ssl-images-amazon.com/images/M/MV5BMjk3ZDJlNTQtZDBiMC00ODVhLTlmYmYtYzkxMDA0N2QxNDY0XkEyXkFqcGdeQXVyMjk3NTUyOTc@._V1._SX100_SY140_.jpg
93,Hallyne,Other,https://images-na.ssl-images-amazon.com/images/M/MV5BMDg4YzNjMzMtYzk4OS00NTEwLWE1NWItYjMyODViNTQ4YmUxXkEyXkFqcGdeQXVyMjk3NTUyOTc@._V1._SX100_SY140_.jpg
94,Handmaid,Other,https://images-na.ssl-images-amazon.com/images/M/MV5BMGUwMjczOGQtZjRmOC00NmIyLWE1YmMtZmE2OGEzNzY2Mjg4XkEyXkFqcGdeQXVyMjk3NTUyOTc@._V1._SX100_SY140_.jpg
95,Handmaid,Other,https://images-na.ssl-images-amazon.com/images/M/MV5BMGUwMjczOGQtZjRmOC00NmIyLWE1YmMtZmE2OGEzNzY2Mjg4XkEyXkFqcGdeQXVyMjk3NTUyOTc@._V1._SX100_SY140_.jpg
96,Harald Karstark,Other,https://images-na.ssl-images-amazon.com/images/M/MV5BNTE4OTIwNWQtZjNkOC00MzhhLThhYzQtMmU1OTFiZGU3YzMzXkEyXkFqcGdeQXVyMjk3NTUyOTc@._V1._SX100_SY140_.jpg
97,Harry Strickland,Other,https://images-na.ssl-images-amazon.com/images/M/MV5BZGVkZjRkMzUtMzgzYy00YzcyLThhZmMtNDMxMGNmNGRmNWQyXkEyXkFqcGdeQXVyNDgzNTg0OTA@._V1._SX100_SY140_.jpg
98,High Priestess,Other,https://images-na.ssl-images-amazon.com/images/M/MV5BMjA1MzQxOTMwM15BMl5BanBnXkFtZTgwMzkwMzg4ODE@._V1._SX100_SY140_.jpg
99,High Septon,Other,
100,High Septon,Other,https://images-na.ssl-images-amazon.com/images/M/MV5BNDYyYTc3OTgtMmE1Mi00NDVmLWIyNjYtOTIwNDAyYmVmN2E5XkEyXkFqcGdeQXVyMjk3NTUyOTc@._V1._SX100_SY140_.jpg
101,High Sparrow,Other,https://images-na.ssl-images-amazon.com/images/M/MV5BMTcyOTk0MjExMF5BMl5BanBnXkFtZTgwODk5Njk5NzE@._V1._SX100_SY140_.jpg
102,Hizdahr zo Loraq,Other,https://images-na.ssl-images-amazon.com/images/M/MV5BNWQ4YjdmZjItYmExNi00YmNlLWJjZmYtNWEwMmEzNGFjYmFjXkEyXkFqcGdeQXVyMjk3NTUyOTc@._V1._SX100_SY140_.jpg
103,Hodor,Other,https://images-na.ssl-images-amazon.com/images/M/MV5BMjEzMzU4MDEyNF5BMl5BanBnXkFtZTcwNDM2ODg4OQ@@._V1._SX100_SY140_.jpg
104,Hoster Tully,Tully,https://images-na.ssl-images-amazon.com/images/M/MV5BNTY3YzMzOWUtNzNjYi00ODYzLThjNjUtNzc4NzFlNmE2NjgyXkEyXkFqcGdeQXVyMjk3NTUyOTc@._V1._SX100_SY140_.jpg
105,Hot Pie,Other,https://images-na.ssl-images-amazon.com/images/M/MV5BOTQyNTI4NDg4M15BMl5BanBnXkFtZTcwNDk4NDk4OQ@@._V1._SX100_SY140_.jpg
106,Howland Reed,Other,https://images-na.ssl-images-amazon.com/images/M/MV5BOTdkNjRkMTAtZGMwOS00OTA4LWE5NzktNDIyOTNiOTM0ZjkxXkEyXkFqcGdeQXVyMjk3NTUyOTc@._V1._SX100_SY140_.jpg
107,Hugh of the Vale,Other,https://images-na.ssl-images-amazon.com/images/M/MV5BODRhNGQwNDgtNDEwNS00MWRlLWJmZTQtMTJlNjNmZTI1ZDk5XkEyXkFqcGdeQXVyMjk3NTUyOTc@._V1._SX100_SY140_.jpg
108,Illyrio Mopatis,Other,https://images-na.ssl-images-amazon.com/images/M/MV5BMzM1OWY0ZmUtNWM5Ny00NzgzLWFhMmUtOWY1Njc3NmNkZmM1XkEyXkFqcGdeQXVyMjk3NTUyOTc@._V1._SX100_SY140_.jpg
109,Ilyn Payne,Other,https://images-na.ssl-images-amazon.com/images/M/MV5BOGY5ZGE1OGUtODYwNS00OTVlLWE1MWItMzI5NDBmYWIwZTI4XkEyXkFqcGdeQXVyMjk3NTUyOTc@._V1._SX100_SY140_.jpg
110,Irri,Other,https://images-na.ssl-images-amazon.com/images/M/MV5BY2Y0ZmNiMjItNzVmNi00MGEyLWFhMTUtZDZkYTBmZjFiZDY1XkEyXkFqcGdeQXVyMjk3NTUyOTc@._V1._SX100_SY140_.jpg
111,Izembaro,Other,https://images-na.ssl-images-amazon.com/images/M/MV5BN2NkZmFkMmItNzhiMy00ZTJkLThjM2YtNzBhMzU0ZmJkZjI4XkEyXkFqcGdeQXVyMjk3NTUyOTc@._V1._SX100_SY140_.jpg
112,Jacks,Other,
113,Jafer Flowers,Other,
114,Jaime Lannister,Lannister,https://images-na.ssl-images-amazon.com/images/M/MV5BMjIzMzU1NjM1MF5BMl5BanBnXkFtZTcwMzIxODg4OQ@@._V1._SX100_SY140_.jpg
115,Janos Slynt,Other,https://images-na.ssl-images-amazon.com/images/M/MV5BNGUwMzllZGEtZjdkZi00NTgwLTgxY2UtODFhZjZlZDNmN2ZkXkEyXkFqcGdeQXVyMjk3NTUyOTc@._V1_SY100_SX100_AL_.jpg
116,Jaqen H'ghar,Other,https://images-na.ssl-images-amazon.com/images/M/MV5BMTA1MjI5MzYwNzNeQTJeQWpwZ15BbWU3MDkxNDcxOTk@._V1._SX100_SY140_.jpg
117,Jaqen's Disguise,Other,
118,Jaremy Rykker,Other,https://images-na.ssl-images-amazon.com/images/M/MV5BMjg4YjRmMDYtZjcyMS00YjM3LTg4OWQtZTg2MDFiZTJkZDIwXkEyXkFqcGdeQXVyMjk3NTUyOTc@._V1._SX100_SY140_.jpg
119,Jeor Mormont,Mormont,https://images-na.ssl-images-amazon.com/images/M/MV5BODAwODYyNzk0NV5BMl5BanBnXkFtZTcwNDI2NDk4OQ@@._V1._SX100_SY140_.jpg
120,Jhiqui,Other,
121,Joffrey Baratheon,Baratheon,https://images-na.ssl-images-amazon.com/images/M/MV5BMTk1NDg5MTAwMl5BMl5BanBnXkFtZTcwOTIwODg4OQ@@._V1._SX100_SY140_.jpg
122,Jojen Reed,Other,https://images-na.ssl-images-amazon.com/images/M/MV5BMTg0OTU4MTk4M15BMl5BanBnXkFtZTcwMTE4MTE5OQ@@._V1._SX100_SY140_.jpg
123,Jon Arryn,Other,https://images-na.ssl-images-amazon.com/images/M/MV5BYmJiMzVjYzEtODA2ZC00NTkwLWI1ZDEtNDUxM2Y1NzcxZjU0XkEyXkFqcGdeQXVyNDUzOTQ5MjY@._V1._SX100_SY140_.jpg
124,Jon Snow,"['Stark', 'Targaryen']",https://images-na.ssl-images-amazon.com/images/M/MV5BMTkwMjUxMDk2OV5BMl5BanBnXkFtZTcwMzg3MTg4OQ@@._V1._SX100_SY140_.jpg
125,Jonos Bracken,Other,
126,Jorah Mormont,Mormont,"https://images-na.ssl-images-amazon.com/images/M/MV5BMTkzNTcxMDI2NV5BMl5BanBnXkFtZTcwMzgxNzI4OQ@@._V1._CR225,437,407,405._SX100_SY140_.jpg"
127,Jory Cassel,Other,https://images-na.ssl-images-amazon.com/images/M/MV5BZTg3OGE5MDktNmYxOS00YmFiLWFjMDYtMTBkMjlhYWJhZjYzXkEyXkFqcGdeQXVyMjk3NTUyOTc@._V1._SX100_SY140_.jpg
128,Joyeuse Erenford,Other,https://images-na.ssl-images-amazon.com/images/M/MV5BMjA4MTU5NDQzM15BMl5BanBnXkFtZTcwNjQxNDM2OQ@@._V1._SX100_SY140_.jpg
129,Karl Tanner,Other,https://images-na.ssl-images-amazon.com/images/M/MV5BNDEwZGVlODEtM2VhNC00ZjJmLTlmMjAtNzBlNTdmOTcwZGY2XkEyXkFqcGdeQXVyMjk3NTUyOTc@._V1._SX100_SY140_.jpg
130,Karsi,Other,https://images-na.ssl-images-amazon.com/images/M/MV5BMjcxZWVjZTMtZTBhOS00ZjM5LTkxOTctNzdkMmU2ZTIzYzU5XkEyXkFqcGdeQXVyMjk3NTUyOTc@._V1._SX100_SY140_.jpg
131,Kayla,Other,https://images-na.ssl-images-amazon.com/images/M/MV5BZmJhNmU5NGItMmUwNC00NDgxLThlYWMtMzc0NTQ4YmZiMDIxXkEyXkFqcGdeQXVyMjk3NTUyOTc@._V1._SX100_SY140_.jpg
132,Kegs,Other,
133,Kevan Lannister,Lannister,https://images-na.ssl-images-amazon.com/images/M/MV5BMjZkMzliOWYtODIwNS00ZTU2LWIxNTAtYjFlNTA1YjdhNzc4XkEyXkFqcGdeQXVyMjk3NTUyOTc@._V1._SX100_SY140_.jpg
134,Khal Drogo,Other,https://images-na.ssl-images-amazon.com/images/M/MV5BMTQzMTE2MjczM15BMl5BanBnXkFtZTcwMDA5NDk4OQ@@._V1._SX100_SY140_.jpg
135,Khal Moro,Other,https://images-na.ssl-images-amazon.com/images/M/MV5BN2ZkODIwY2MtNzViYS00NDEwLWE2ZjItZDFiMzg1MWVjMzQwXkEyXkFqcGdeQXVyMjk3NTUyOTc@._V1._SX100_SY140_.jpg
136,Khal Rhalko,Other,https://images-na.ssl-images-amazon.com/images/M/MV5BYTFkMWRiMDItN2Q2Ny00N2VlLWIxMzYtZDMwODkwNDE4ZTYyXkEyXkFqcGdeQXVyMTk0NzA0Njg@._V1._SX100_SY140_.jpg
137,King Joffrey Baratheon Dwarf,Other,
138,King Renly Baratheon Dwarf,Other,
139,King Robb Stark Dwarf,Other,
140,King Stannis Baratheon Dwarf,Other,
141,King's Landing Rioter #1,Other,
142,King's Landing Rioter #2,Other,
143,King's Landing Rioter #3,Other,
144,Kinvara,Other,https://images-na.ssl-images-amazon.com/images/M/MV5BZGNkYWZlZmYtM2Y4Yi00YmJjLTk1OTktNDc0YmMxODY5ZTI2XkEyXkFqcGdeQXVyMjk3NTUyOTc@._V1._SX100_SY140_.jpg
145,Kitty Frey,Frey,
146,Knight of House Frey,Other,
147,Knight of House Lynderly,Other,
148,Kovarro,Other,https://images-na.ssl-images-amazon.com/images/M/MV5BZjRmMzgyY2QtMzNmYy00NmRhLWIxNzItOGEwOWU2MzA5YjUwXkEyXkFqcGdeQXVyMjk3NTUyOTc@._V1._SX100_SY140_.jpg
149,Kraznys mo Nakloz,Other,https://images-na.ssl-images-amazon.com/images/M/MV5BMWIzZGY0NWUtMmM1OC00NDYzLTkxMjYtM2I1MGM5MTkzODMwXkEyXkFqcGdeQXVyMjk3NTUyOTc@._V1._SX100_SY140_.jpg
150,Kurleket,Other,https://images-na.ssl-images-amazon.com/images/M/MV5BMmY3NWI0YTItNWFkZi00MTVlLWIyNDQtN2MwYjY0ZjhhOTdlXkEyXkFqcGdeQXVyMjk3NTUyOTc@._V1._SX100_SY140_.jpg
151,Lady,Stark,
152,Lady Crane,Other,https://images-na.ssl-images-amazon.com/images/M/MV5BZTUyOTFlNjgtYzJjYS00MDY5LWJhMDQtYTJiZThjOTlmNTg3XkEyXkFqcGdeQXVyMjk3NTUyOTc@._V1._SX100_SY140_.jpg
153,Lancel Lannister,Lannister,https://images-na.ssl-images-amazon.com/images/M/MV5BMjI0MTQ5MzEzNV5BMl5BanBnXkFtZTgwNTQ4MDA2NTE@._V1._SX100_SY140_.jpg
154,Lannister Captain,Other,
155,Lannister Captain,Other,
156,Lannister Guardsman,Other,
157,Lannister Messenger,Other,
158,Lannister Scout,Other,
159,Lead Dornish Guard,Other,https://images-na.ssl-images-amazon.com/images/M/MV5BMTYwMzM5ODM3OV5BMl5BanBnXkFtZTgwMjU1ODg2NTE@._V1._SX100_SY140_.jpg
160,Leaf,Other,https://images-na.ssl-images-amazon.com/images/M/MV5BYTJjNGJhYmYtNGViMy00NTg3LWI0M2YtNmM3OGI3NzA3MGVjXkEyXkFqcGdeQXVyMjk3NTUyOTc@._V1._SX100_SY140_.jpg
161,Lem Lemoncloak,Other,https://images-na.ssl-images-amazon.com/images/M/MV5BZWYxOGUwODAtZmY0MS00OTFkLWI0YTUtZTkxNjI1ZjE1YmJhXkEyXkFqcGdeQXVyMjk3NTUyOTc@._V1._SX100_SY140_.jpg
162,Leo Lefford,Other,
163,Lhara,Other,https://images-na.ssl-images-amazon.com/images/M/MV5BMTBjZDY4M2YtOWU1ZC00NTA2LWI4ODItYWZjYjlhMWY5NDhmL2ltYWdlXkEyXkFqcGdeQXVyMjk3NTUyOTc@._V1._SX100_SY140_.jpg
164,Little Bird,Other,
165,Little Bird,Other,
166,Little Bird #3,Other,
167,Little Bird #4,Other,
168,Little Bird #5,Other,
169,Little Bird #6,Other,
170,Little Bird #7,Other,
171,Loboda,Other,https://images-na.ssl-images-amazon.com/images/M/MV5BMDU5NzIxYzQtNDExMi00YTljLThiNjItMWIxNDEwZTJhNjZkXkEyXkFqcGdeQXVyMjk3NTUyOTc@._V1._SX100_SY140_.jpg
172,Locke,Other,https://images-na.ssl-images-amazon.com/images/M/MV5BOTg1MDM2ODE0MF5BMl5BanBnXkFtZTcwNzM4MzA0OQ@@._V1._SX100_SY140_.jpg
173,Lollys Stokeworth,Other,https://images-na.ssl-images-amazon.com/images/M/MV5BODQ5MTY2MjAtZmM4NC00OGZmLWIyYjEtYTNlOGQxMzg2NzgxXkEyXkFqcGdeQXVyMjk3NTUyOTc@._V1._SX100_SY140_.jpg
174,Lommy Greenhands,Other,https://images-na.ssl-images-amazon.com/images/M/MV5BMTg2MWUxMzYtMTAxNy00M2MzLTk5N2QtOTY1ZTE1ZGE2OTU4XkEyXkFqcGdeQXVyMjk3NTUyOTc@._V1._SX100_SY140_.jpg
175,Loras Tyrell,Tyrell,https://images-na.ssl-images-amazon.com/images/M/MV5BNzcwNDAxZGMtODU1Mi00YzA2LWJhMzYtN2FjZjg2YWZlMTQ4XkEyXkFqcGdeQXVyMjk3NTUyOTc@._V1._SX100_SY140_.jpg
176,Lord Galbart Glover,Other,
177,Lord Portan,Other,
178,Lord Varys,Other,https://images-na.ssl-images-amazon.com/images/M/MV5BMTkzNDk2MjczM15BMl5BanBnXkFtZTcwODk0ODg4OQ@@._V1._SX100_SY140_.jpg
179,Lordsport Dockhand,Other,
180,Lothar Frey,Frey,https://images-na.ssl-images-amazon.com/images/M/MV5BMDc0NDA3YmYtZTNjYi00ZDExLWE2NTUtNzk5NjI3MGI3NzM0XkEyXkFqcGdeQXVyMjk3NTUyOTc@._V1._SX100_SY140_.jpg
181,Loyal Night's Watchman #1,Other,
182,Loyal Night's Watchman #2,Other,
183,Lyanna Mormont,Mormont,https://images-na.ssl-images-amazon.com/images/M/MV5BOTY3MWNmYjAtZjZhYi00M2IzLWJjNDMtMjUzZmU3NTYyYWUxXkEyXkFqcGdeQXVyMjk3NTUyOTc@._V1._SX100_SY140_.jpg
184,Lyanna Stark,Stark,https://images-na.ssl-images-amazon.com/images/M/MV5BMTE5NTczY2QtNmQxYS00NTAwLWE2ZTAtYzc1MTkyZGU5MzRkL2ltYWdlL2ltYWdlXkEyXkFqcGdeQXVyMjk3NTUyOTc@._V1._SX100_SY140_.jpg
185,Lysa Arryn,"['Arryn', 'Tully']",https://images-na.ssl-images-amazon.com/images/M/MV5BMmNlYTYzOTYtOTg1ZC00YzdlLTliNTgtZDhjMTY1MGViZTA5XkEyXkFqcGdeQXVyMjk3NTUyOTc@._V1._SX100_SY140_.jpg
186,Mace Tyrell,Tyrell,https://images-na.ssl-images-amazon.com/images/M/MV5BNTcyZWFjZjItYmI4NS00ZDE2LTg4Y2YtYWJkYWI5MWJlNWFjXkEyXkFqcGdeQXVyMjk3NTUyOTc@._V1._SX100_SY140_.jpg
187,Maester Aemon,Targaryen,https://images-na.ssl-images-amazon.com/images/M/MV5BMjI4NDY4MzI5NV5BMl5BanBnXkFtZTcwMTk0ODg5NA@@._V1._SX100_SY140_.jpg
188,Maester Cressen,Other,https://images-na.ssl-images-amazon.com/images/M/MV5BYjFmNDZjM2YtMGRkMy00NWM2LThjNWUtYzFkZGRjMjk0YWZlXkEyXkFqcGdeQXVyMjk3NTUyOTc@._V1._SX100_SY140_.jpg
189,Maester Luwin,Other,https://images-na.ssl-images-amazon.com/images/M/MV5BYjk0MmZiNmUtMTljMy00MmY1LTg1ODgtY2FkMjczMjI4ZWQzXkEyXkFqcGdeQXVyMjk3NTUyOTc@._V1._SX100_SY140_.jpg
190,Maester Wolkan,Other,
191,Mag the Mighty,Other,https://images-na.ssl-images-amazon.com/images/M/MV5BMDI5NjYzMDMtMmNkOC00MDA4LWI1OTctN2EzYzQ2ZmNiZWYwXkEyXkFqcGdeQXVyNDUzOTQ5MjY@._V1._SX100_SY140_.jpg
192,Maggy,Other,https://images-na.ssl-images-amazon.com/images/M/MV5BZmQ4ZTIyNjYtZWZlZS00MTVjLTgxZTEtMWYyM2RhMzcwYzc4XkEyXkFqcGdeQXVyMjk3NTUyOTc@._V1._SX100_SY140_.jpg
193,Mago,Other,https://images-na.ssl-images-amazon.com/images/M/MV5BNjdmM2ZlMTQtOGRlMy00NzAyLWE0MWYtM2JiMjNlNjA3MDU2XkEyXkFqcGdeQXVyMjg2MTMyNTM@._V1._SX100_SY140_.jpg
194,Male Prostitute,Other,
195,Malko,Other,https://images-na.ssl-images-amazon.com/images/M/MV5BZmUwYTA2YjUtZWU5Zi00OTY1LTlhYjMtOGRhMDZlNTEyOTEzXkEyXkFqcGdeQXVyMjk3NTUyOTc@._V1._SX100_SY140_.jpg
196,Mance Rayder,Other,https://images-na.ssl-images-amazon.com/images/M/MV5BMTU3NzQyNjAwNF5BMl5BanBnXkFtZTcwODcyMTEwOQ@@._V1._SX100_SY140_.jpg
197,Mandon Moore,Other,
198,Manservant,Other,
199,Marei,Other,https://images-na.ssl-images-amazon.com/images/M/MV5BYTZkM2M5OWItNjQ1NC00MDcyLWIwYjItODBhZmI5NWYxMDVlL2ltYWdlXkEyXkFqcGdeQXVyMjk3NTUyOTc@._V1._SX100_SY140_.jpg
200,Margaery Tyrell,Tyrell,https://images-na.ssl-images-amazon.com/images/M/MV5BMTkzODQ1MDg3NV5BMl5BanBnXkFtZTcwODA4NDk4OQ@@._V1._SX100_SY140_.jpg
201,Margaery's Handmaiden,Other,https://images-na.ssl-images-amazon.com/images/M/MV5BMTk4NjcwMzAzN15BMl5BanBnXkFtZTcwNzgxNTcyOQ@@._V1._SX100_SY140_.jpg
202,Marillion,Other,https://images-na.ssl-images-amazon.com/images/M/MV5BNDVlZmU0NmYtOGM1MS00N2E0LTgxYTYtNTBhZDk1ZTM4M2ViXkEyXkFqcGdeQXVyMjk3NTUyOTc@._V1._SX100_SY140_.jpg
203,Martyn Lannister,Lannister,
204,Masha Heddle,Other,
205,Matthos Seaworth,Other,https://images-na.ssl-images-amazon.com/images/M/MV5BMTBlYmZlMGEtMzg5Yy00OGFjLWE3Y2MtNjc2NTViN2ExNzM3XkEyXkFqcGdeQXVyMjg2MTMyNTM@._V1._SX100_SY140_.jpg
206,Meera Reed,Other,https://images-na.ssl-images-amazon.com/images/M/MV5BMTQyOTQwNjI5OF5BMl5BanBnXkFtZTcwOTcyMTEwOQ@@._V1._SX100_SY140_.jpg
207,Meereen Slave Master,Other,
208,Melessa Tarly,Other,https://images-na.ssl-images-amazon.com/images/M/MV5BN2U0YmU1Y2EtNTNkOS00MzIxLWI3OTgtNjUwNGY4YTNiNWJlXkEyXkFqcGdeQXVyMjk3NTUyOTc@._V1._SX100_SY140_.jpg
209,Melisandre,Other,https://images-na.ssl-images-amazon.com/images/M/MV5BMTk0MjI5NjQ2OV5BMl5BanBnXkFtZTcwODI4NDk4OQ@@._V1._SX100_SY140_.jpg
210,Merchant Captain,Other,
211,Mero,Other,https://images-na.ssl-images-amazon.com/images/M/MV5BZmUzODdkZTQtOTAxZC00MjI5LWFmZjctZDYyYTVlNzMxMjdiXkEyXkFqcGdeQXVyMjk3NTUyOTc@._V1._SX100_SY140_.jpg
212,Meryn Trant,Other,https://images-na.ssl-images-amazon.com/images/M/MV5BNTVjYTRhZWMtM2QwOC00MmYyLTk3ZjAtYmI1ZTlhNmQ3NzE0XkEyXkFqcGdeQXVyMjk3NTUyOTc@._V1._SX100_SY140_.jpg
213,Mhaegen,Other,
214,Mikken,Other,
215,Mirelle,Other,https://images-na.ssl-images-amazon.com/images/M/MV5BMDFlYzUxNTktYjRiOC00NmM1LTg1OTYtOWMzZTlmOGI0MWE4XkEyXkFqcGdeQXVyMjk3NTUyOTc@._V1._SX100_SY140_.jpg
216,Mirri Maz Duur,Other,https://images-na.ssl-images-amazon.com/images/M/MV5BNDNiMzM4ZTAtZDhkMy00OTI3LTkxNzgtMTVjNmU5YTEyYTVjXkEyXkFqcGdeQXVyMjk3NTUyOTc@._V1._SX100_SY140_.jpg
217,Missandei,Other,https://images-na.ssl-images-amazon.com/images/M/MV5BNTE5OTI0OTA0OV5BMl5BanBnXkFtZTcwODczOTAzOQ@@._V1._SX100_SY140_.jpg
218,Mord,Other,https://images-na.ssl-images-amazon.com/images/M/MV5BOGIzMmRlOWEtMjUwYy00OGM1LTkwNDEtZTlmODNkMWY4MWU3XkEyXkFqcGdeQXVyMjk3NTUyOTc@._V1._SX100_SY140_.jpg
219,Mossador,Other,https://images-na.ssl-images-amazon.com/images/M/MV5BMGYxZjVkOGEtMWI0NS00ODc3LTlkMzUtMGFkNzJlMDc1MGY4XkEyXkFqcGdeQXVyMjk3NTUyOTc@._V1._SX100_SY140_.jpg
220,Musician #1,Other,https://images-na.ssl-images-amazon.com/images/M/MV5BODA5NjA3ODY1NF5BMl5BanBnXkFtZTgwNzA5ODY2MTE@._V1._SX100_SY140_.jpg
221,Musician #1,Other,https://images-na.ssl-images-amazon.com/images/M/MV5BODA5NjA3ODY1NF5BMl5BanBnXkFtZTgwNzA5ODY2MTE@._V1._SX100_SY140_.jpg
222,Musician #2,Other,https://images-na.ssl-images-amazon.com/images/M/MV5BODA5NjA3ODY1NF5BMl5BanBnXkFtZTgwNzA5ODY2MTE@._V1._SX100_SY140_.jpg
223,Musician #2,Other,https://images-na.ssl-images-amazon.com/images/M/MV5BODA5NjA3ODY1NF5BMl5BanBnXkFtZTgwNzA5ODY2MTE@._V1._SX100_SY140_.jpg
224,Musician #3,Other,https://images-na.ssl-images-amazon.com/images/M/MV5BODA5NjA3ODY1NF5BMl5BanBnXkFtZTgwNzA5ODY2MTE@._V1._SX100_SY140_.jpg
225,Musician #3,Other,https://images-na.ssl-images-amazon.com/images/M/MV5BODA5NjA3ODY1NF5BMl5BanBnXkFtZTgwNzA5ODY2MTE@._V1._SX100_SY140_.jpg
226,Musician #4,Other,https://images-na.ssl-images-amazon.com/images/M/MV5BODA5NjA3ODY1NF5BMl5BanBnXkFtZTgwNzA5ODY2MTE@._V1._SX100_SY140_.jpg
227,Musician #5,Other,https://images-na.ssl-images-amazon.com/images/M/MV5BODA5NjA3ODY1NF5BMl5BanBnXkFtZTgwNzA5ODY2MTE@._V1._SX100_SY140_.jpg
228,Mycah,Other,https://images-na.ssl-images-amazon.com/images/M/MV5BMmE5NjdjMzktZTYwNy00MzdhLWI2MjktNTUwNjA4OTA4MTAxXkEyXkFqcGdeQXVyMjk3NTUyOTc@._V1._SX100_SY140_.jpg
229,Myranda,Other,https://images-na.ssl-images-amazon.com/images/M/MV5BYmJjYTdiNjgtM2JmMC00ZmUxLWE1MzMtZWRiMzcwODZmNDE2XkEyXkFqcGdeQXVyMjk3NTUyOTc@._V1._SX100_SY140_.jpg
230,Myrcella Baratheon,Baratheon,https://images-na.ssl-images-amazon.com/images/M/MV5BMTA4OTA1MTIxMzdeQTJeQWpwZ15BbWU3MDY2NjQ4NTc@._V1._SX100_SY140_.jpg
231,Ned Umber,Umber,
232,Night's Watch Deserter,Other,
233,Night's Watch Messenger,Other,
234,Night's Watch Officer,Other,
235,Night's Watch Officer,Other,
236,Night's Watchman,Other,
237,Night's Watchman,Other,
238,Night's Watchman,Other,
239,Night's Watchman #1,Other,
240,Night's Watchman #2,Other,
241,Night's Watchman #2,Other,
242,Northman Rioter,Other,
243,Nymeria,Stark,
244,Nymeria Sand,Martell,https://images-na.ssl-images-amazon.com/images/M/MV5BNDZmN2FkMTEtMmMyYy00ZTcwLWE3MGQtNGU1NzY4MjAxNjQ0XkEyXkFqcGdeQXVyMjk3NTUyOTc@._V1._SX100_SY140_.jpg
245,Obara Sand,Martell,https://images-na.ssl-images-amazon.com/images/M/MV5BOWU3OTRmYmItZTZiYi00Mjk1LTk2NTItMzBjZmQ3NDZhMDMyXkEyXkFqcGdeQXVyMjk3NTUyOTc@._V1._SX100_SY140_.jpg
246,Oberyn Martell,Martell,https://images-na.ssl-images-amazon.com/images/M/MV5BZTJmYjViYjctYTU0My00NTJiLWE2YzUtOWZkNTg4MTZkZmEyXkEyXkFqcGdeQXVyMjk3NTUyOTc@._V1._SX100_SY140_.jpg
247,Old Nan,Other,https://images-na.ssl-images-amazon.com/images/M/MV5BZTEzZmMxMzQtYzA4OC00YjI3LTg3Y2QtNjNhMjE2MDMxZDZlXkEyXkFqcGdeQXVyMjk3NTUyOTc@._V1._SX100_SY140_.jpg
248,Old Woman Prisoner,Other,
249,Olenna Tyrell,Tyrell,https://images-na.ssl-images-amazon.com/images/M/MV5BMTkxMjgwOTQ3Nl5BMl5BanBnXkFtZTcwMjE2NzE5OQ@@._V1._SX100_SY140_.jpg
250,Olly,Other,https://images-na.ssl-images-amazon.com/images/M/MV5BOWFiYTRlMzMtMmQzZC00Y2UxLTgzMzAtZGEzOTlkMGRiODBkXkEyXkFqcGdeQXVyMjk3NTUyOTc@._V1._SX100_SY140_.jpg
251,Olyvar,Other,https://images-na.ssl-images-amazon.com/images/M/MV5BOTZiNDAwYzQtMGJkZi00OGM4LTg2OTgtNzFjZTM1ZGExMzNiXkEyXkFqcGdeQXVyMjk3NTUyOTc@._V1._SX100_SY140_.jpg
252,Orell,Other,https://images-na.ssl-images-amazon.com/images/M/MV5BOTQ1NDAzODQtNzAzMy00MDRhLTkwMWItZTNmMWJmN2I5MTlmXkEyXkFqcGdeQXVyMjk3NTUyOTc@._V1._SX100_SY140_.jpg
253,Ornela,Other,https://images-na.ssl-images-amazon.com/images/M/MV5BODdmZDIwMTEtYWI1OS00YTVmLWIzZGUtOWI4YTk3MWU3NTNhXkEyXkFqcGdeQXVyMjg2MTMyNTM@._V1._SX100_SY140_.jpg
254,Osha,Other,https://images-na.ssl-images-amazon.com/images/M/MV5BMjI4NjY0ODY2OV5BMl5BanBnXkFtZTcwMzU5ODg4OQ@@._V1._SX100_SY140_.jpg
255,Othell Yarwyck,Other,https://images-na.ssl-images-amazon.com/images/M/MV5BNDgzYzhkZWYtYTA3OS00ZTk5LTgwYTUtNThiMDFmNjBmZmIxXkEyXkFqcGdeQXVyMjk3NTUyOTc@._V1._SX100_SY140_.jpg
256,Othor,Other,
257,Pentoshi Servant,Other,
258,Petyr Baelish,Other,https://images-na.ssl-images-amazon.com/images/M/MV5BMTQ1MjE3OTc3M15BMl5BanBnXkFtZTcwODgzODg4OQ@@._V1._SX100_SY140_.jpg
259,Podrick Payne,Other,https://images-na.ssl-images-amazon.com/images/M/MV5BNTU5NjczOTQyNl5BMl5BanBnXkFtZTcwMzMwNTk4OQ@@._V1._SX100_SY140_.jpg
260,Polliver,Other,https://images-na.ssl-images-amazon.com/images/M/MV5BY2EwODU4ZGMtZGVkZi00ZjE4LTlhZTItNzNjNGZiM2UxZTc1XkEyXkFqcGdeQXVyMjk3NTUyOTc@._V1._SX100_SY140_.jpg
261,Prendahl na Ghezn,Other,https://images-na.ssl-images-amazon.com/images/M/MV5BYzkyZDYyNGYtNDEyNC00NTQ2LWI4N2MtNmM0YzcwOTc1ODRlXkEyXkFqcGdeQXVyMjg2MTMyNTM@._V1._SX100_SY140_.jpg
262,Pyat Pree,Other,https://images-na.ssl-images-amazon.com/images/M/MV5BYmMzZmVkMTItNmY3Yy00MDU2LThmNTctOWJmYTNhMThhNTRlXkEyXkFqcGdeQXVyMjk3NTUyOTc@._V1._SX100_SY140_.jpg
263,Pypar,Other,https://images-na.ssl-images-amazon.com/images/M/MV5BNTFiNTIxY2MtY2ExOC00NjM1LTg0MGEtYzUzYzA0YzIyY2VjXkEyXkFqcGdeQXVyMjk3NTUyOTc@._V1._SX100_SY140_.jpg
264,Qhono,Other,https://images-na.ssl-images-amazon.com/images/M/MV5BMGMwYjgwMGQtOGRlNC00NDg0LTliM2ItN2I1NzIxZmQ5YTU1XkEyXkFqcGdeQXVyMjk3NTUyOTc@._V1._SX100_SY140_.jpg
265,Qhorin Halfhand,Other,https://images-na.ssl-images-amazon.com/images/M/MV5BODM1MzJmZmUtZWI2MS00YjliLWJhNTItZmMzNmQ1YzA0ZjlmXkEyXkFqcGdeQXVyMjk3NTUyOTc@._V1._SX100_SY140_.jpg
266,Qotho,Other,https://images-na.ssl-images-amazon.com/images/M/MV5BOWFjY2Y4NTgtZjQ5OS00YjM0LWI3OTItMWYyM2QzYjQyODk1XkEyXkFqcGdeQXVyMjk3NTUyOTc@._V1._SX100_SY140_.jpg
267,Quaithe,Other,https://images-na.ssl-images-amazon.com/images/M/MV5BMWU1YzE1MmUtMDk3ZS00ZTQxLTg5ZjEtYzgxZDk5MzFkOWUyXkEyXkFqcGdeQXVyMjk3NTUyOTc@._V1._SX100_SY140_.jpg
268,Qyburn,Other,https://images-na.ssl-images-amazon.com/images/M/MV5BZGEzNDY2YjktMDM1ZS00MTI1LWEyYmMtNTdiMzczNmY4ZWEzXkEyXkFqcGdeQXVyMjk3NTUyOTc@._V1._SX100_SY140_.jpg
269,Rakharo,Other,https://images-na.ssl-images-amazon.com/images/M/MV5BNzU2OWU5YzQtMTM1YS00ZDBjLWJlOTUtODg5ZTJlNjU5MTIyXkEyXkFqcGdeQXVyMjk3NTUyOTc@._V1._SX100_SY140_.jpg
270,Ramsay Snow,Bolton,https://images-na.ssl-images-amazon.com/images/M/MV5BMzM5Nzk3NTU5N15BMl5BanBnXkFtZTgwNzczMjk5NTE@._V1._SX100_SY140_.jpg
271,Randyll Tarly,Other,https://images-na.ssl-images-amazon.com/images/M/MV5BMjIwMTY0NTc4N15BMl5BanBnXkFtZTgwNTMyNzYwOTE@._V1._SX100_SY140_.jpg
272,Rast,Other,https://images-na.ssl-images-amazon.com/images/M/MV5BYzI5NjQ3ZTctODgyYi00ZTZhLTk2M2EtM2E3MzYxNDBkMWU5XkEyXkFqcGdeQXVyMjk3NTUyOTc@._V1._SX100_SY140_.jpg
273,Rattleshirt,Other,https://images-na.ssl-images-amazon.com/images/M/MV5BYzk1ZDA3YjktMWZhMi00MTA4LTk0YjItY2ZmMDRlZDY3MmM2XkEyXkFqcGdeQXVyMjk3NTUyOTc@._V1._SX100_SY140_.jpg
274,Razdal mo Eraz,Other,https://images-na.ssl-images-amazon.com/images/M/MV5BODdjNzdkYWQtZmE1OS00YzcxLTljMTctNWZmMDI3OTAzZmZiXkEyXkFqcGdeQXVyMjk3NTUyOTc@._V1._SX100_SY140_.jpg
275,Red Keep Stableboy,Other,https://images-na.ssl-images-amazon.com/images/M/MV5BZjA0NGQzMmQtZTdlMi00Y2Q5LWE1N2ItNGNhODdmZDAxZTg3XkEyXkFqcGdeQXVyMjg2MTMyNTM@._V1._SX100_SY140_.jpg
276,Red Priestess,Other,
277,Red Priestess,Other,https://images-na.ssl-images-amazon.com/images/M/MV5BNTM5MjlkYjItM2YzOC00NGQwLTllZDktYmY3YmMxYjNjMzVjXkEyXkFqcGdeQXVyMjk3NTUyOTc@._V1._SX100_SY140_.jpg
278,Renly Baratheon,Baratheon,https://images-na.ssl-images-amazon.com/images/M/MV5BNjA4OTE5MzcyOF5BMl5BanBnXkFtZTcwNDA1ODg5NA@@._V1._SX100_SY140_.jpg
279,Rhaegal,Targaryen,
280,Rhaegar Targaryen,Targaryen,
281,Rhaego,Other,
282,Rhaella Targaryen,Targaryen,
283,Rhaenys Targaryen,Targaryen,
284,Rickard Karstark,Other,https://images-na.ssl-images-amazon.com/images/M/MV5BM2IwZThkNjQtYzU2NS00ZTRiLWFjNDUtNTdmMGQ2ZmE5M2NmXkEyXkFqcGdeQXVyMjk3NTUyOTc@._V1._SX100_SY140_.jpg
285,Rickard Stark,Stark,
286,Rickon Stark,Stark,https://images-na.ssl-images-amazon.com/images/M/MV5BMWZiOGNjMDAtOTRlNi00MDJmLWEyMTMtOGEwZTM5ODJlNDAyXkEyXkFqcGdeQXVyMjk3NTUyOTc@._V1._SX100_SY140_.jpg
287,Robb Stark,Stark,https://images-na.ssl-images-amazon.com/images/M/MV5BMjI2NDE1NzczNF5BMl5BanBnXkFtZTcwNjcwODg4OQ@@._V1._SX100_SY140_.jpg
288,Robert Baratheon,Baratheon,https://images-na.ssl-images-amazon.com/images/M/MV5BMzQwMDcwNzY5MF5BMl5BanBnXkFtZTcwMzIyMTE5OQ@@._V1._SX100_SY140_.jpg
289,Robett Glover,Other,https://images-na.ssl-images-amazon.com/images/M/MV5BMDYwNzhkZjctMzdlOS00MTAxLWE3ODktOTc2ODczMmJmNjkwXkEyXkFqcGdeQXVyMjk3NTUyOTc@._V1._SX100_SY140_.jpg
290,Robin Arryn,Other,https://images-na.ssl-images-amazon.com/images/M/MV5BNjBlNzE3YjEtMTcwYS00OTQxLTk1NjEtNGMwNzJhNWI2OGJjXkEyXkFqcGdeQXVyMjk3NTUyOTc@._V1._SX100_SY140_.jpg
291,Rodrik Cassel,Other,https://images-na.ssl-images-amazon.com/images/M/MV5BMTc4NDk5MjAwMF5BMl5BanBnXkFtZTcwNTk1NDk4OQ@@._V1._SX100_SY140_.jpg
292,Roose Bolton,Bolton,https://images-na.ssl-images-amazon.com/images/M/MV5BMTQyMjE3MTExN15BMl5BanBnXkFtZTcwMTI3NDk4OQ@@._V1._SX100_SY140_.jpg
293,Rorge,Other,https://images-na.ssl-images-amazon.com/images/M/MV5BZjE4Mjc3MTktMDYyOC00ZDVlLWJlNjMtYzFiMDFlYzg3MjJjXkEyXkFqcGdeQXVyMjk3NTUyOTc@._V1._SX100_SY140_.jpg
294,Ros,Other,https://images-na.ssl-images-amazon.com/images/M/MV5BMTg0NzA4OTQ5Ml5BMl5BanBnXkFtZTcwMDY5ODg4OQ@@._V1._SX100_SY140_.jpg
295,Roslin Frey,Frey,https://images-na.ssl-images-amazon.com/images/M/MV5BNzhhZGIxYjctMjBkNC00YTJhLTlmMDAtOWUyYjlhNWE3Yzg3XkEyXkFqcGdeQXVyMjk3NTUyOTc@._V1._SX100_SY140_.jpg
296,Royal Steward,Other,
297,Ryger Rivers,Other,
298,Salladhor Saan,Other,https://images-na.ssl-images-amazon.com/images/M/MV5BMzIyNzg3MDktM2M3OS00YzUzLTk2ZjktMGMxY2Y5Y2IyMGVhXkEyXkFqcGdeQXVyMjk3NTUyOTc@._V1._SX100_SY140_.jpg
299,Samwell Tarly,Other,https://images-na.ssl-images-amazon.com/images/M/MV5BMTQyODYyOTczMF5BMl5BanBnXkFtZTcwNjY0ODg4OQ@@._V1._SX100_SY140_.jpg
300,Sandor Clegane,Other,https://images-na.ssl-images-amazon.com/images/M/MV5BMTQwMjEwNDQ1MF5BMl5BanBnXkFtZTcwMzAxODg4OQ@@._V1._SX100_SY140_.jpg
301,Sansa Stark,Stark,https://images-na.ssl-images-amazon.com/images/M/MV5BNjAwMjE2NDExNF5BMl5BanBnXkFtZTcwODAwODg4OQ@@._V1._SX100_SY140_.jpg
302,Selyse Baratheon,Baratheon,https://images-na.ssl-images-amazon.com/images/M/MV5BZGZjNDA5YWUtZjE5OC00NGE2LWI3Y2UtOTQ1Yjg1MDc3MTk4L2ltYWdlXkEyXkFqcGdeQXVyMjk3NTUyOTc@._V1._SX100_SY140_.jpg
303,Septa Moelle,Other,https://images-na.ssl-images-amazon.com/images/M/MV5BMTQ3ODQ3NzIzMV5BMl5BanBnXkFtZTgwODczMjk5NTE@._V1._SX100_SY140_.jpg
304,Septa Mordane,Other,https://images-na.ssl-images-amazon.com/images/M/MV5BMzc5ZTY2MTEtYzZiNy00MGExLWI0MjctOTcxMjdlZmU3OWM5XkEyXkFqcGdeQXVyMjk3NTUyOTc@._V1._SX100_SY140_.jpg
305,Septa Scolera,Other,https://images-na.ssl-images-amazon.com/images/M/MV5BMTQ3ODQ3NzIzMV5BMl5BanBnXkFtZTgwODczMjk5NTE@._V1._SX100_SY140_.jpg
306,Septa Unella,Other,https://images-na.ssl-images-amazon.com/images/M/MV5BYzUwNTlhNTktNDViMS00ZmJiLWJlMDMtNTUzZWU1ZTVjZTY4XkEyXkFqcGdeQXVyMjk3NTUyOTc@._V1._SX100_SY140_.jpg
307,Septon,Other,
308,Septon,Other,
309,Ser Endrew Tarth,Other,https://images-na.ssl-images-amazon.com/images/M/MV5BMjJmYzRlZTUtODkwNS00OTE4LTllYWUtOTdiMGQ1MTE2MTU4XkEyXkFqcGdeQXVyMjk3NTUyOTc@._V1._SX100_SY140_.jpg
310,Shae,Other,https://images-na.ssl-images-amazon.com/images/M/MV5BMTkwMTA0NTY5NF5BMl5BanBnXkFtZTcwNjk2ODg4OQ@@._V1._SX100_SY140_.jpg
311,Shagga,Other,https://images-na.ssl-images-amazon.com/images/M/MV5BY2Y1YTI2YTMtY2E3Ny00OTliLTg2MWYtMTFlYWU3ZjAyYzFiXkEyXkFqcGdeQXVyMjk3NTUyOTc@._V1._SX100_SY140_.jpg
312,Shaggydog,Stark,
313,Shireen Baratheon,Baratheon,https://images-na.ssl-images-amazon.com/images/M/MV5BZjUzNmYzZDktZGY4ZS00ZDA1LWE1MGItMDAwM2E1ZGVlODg1XkEyXkFqcGdeQXVyMjk3NTUyOTc@._V1._SX100_SY140_.jpg
314,Silk King,Other,https://images-na.ssl-images-amazon.com/images/M/MV5BYTA3YTFlMDAtNzIxNy00NGQzLWJlMjYtZGY3MjdmNThjMGIwXkEyXkFqcGdeQXVyMjk3NTUyOTc@._V1._SX100_SY140_.jpg
315,Smalljon Umber,Other,https://images-na.ssl-images-amazon.com/images/M/MV5BNzViODI3ZTctMjZmNC00MzBhLWIxNTgtMDAzMTQ5OWM3YjE2XkEyXkFqcGdeQXVyMjk3NTUyOTc@._V1._SX100_SY140_.jpg
316,Spice King,Other,https://images-na.ssl-images-amazon.com/images/M/MV5BYTA4NWE5ZDgtNjQ0Ni00YmUxLWJhZTgtOTRmY2U0YzI3YmE2XkEyXkFqcGdeQXVyMjk3NTUyOTc@._V1._SX100_SY140_.jpg
317,Stannis Baratheon,Baratheon,https://images-na.ssl-images-amazon.com/images/M/MV5BMjExNzY0NzI0NF5BMl5BanBnXkFtZTcwNjA2NDk4OQ@@._V1._SX100_SY140_.jpg
318,Stark Bannerman,Other,
319,Stark Guard,Other,
320,Stark Guard,Other,
321,Stark Guard,Other,
322,Stark Guard,Other,
323,Steelshanks Walton,Other,https://images-na.ssl-images-amazon.com/images/M/MV5BMjIxOWYwYTctNjFlMy00MmUyLWI4MWYtZjhkMzNhYjI5YzQ1XkEyXkFqcGdeQXVyMjk3NTUyOTc@._V1._SX100_SY140_.jpg
324,Stevron Frey,Frey,
325,Stiv,Other,https://images-na.ssl-images-amazon.com/images/M/MV5BYjFhYzE5NGYtMWM5Zi00YjAyLWI4YTktNDhhYTE1NGFhZjgwXkEyXkFqcGdeQXVyMjk3NTUyOTc@._V1._SX100_SY140_.jpg
326,Styr,Other,https://images-na.ssl-images-amazon.com/images/M/MV5BMjAyNDM4Mjc1M15BMl5BanBnXkFtZTgwODQyMTg1MTE@._V1._SX100_SY140_.jpg
327,Summer,Stark,
328,Syrio Forel,Other,https://images-na.ssl-images-amazon.com/images/M/MV5BMjE2OTA3NDY5Nl5BMl5BanBnXkFtZTcwMDg0ODg5NA@@._V1._SX100_SY140_.jpg
329,Talisa Maegyr,Other,https://images-na.ssl-images-amazon.com/images/M/MV5BMjE1MjY3ODA5OF5BMl5BanBnXkFtZTcwMTA3NDk4OQ@@._V1._SX100_SY140_.jpg
330,Talla Tarly,Tarly,https://images-na.ssl-images-amazon.com/images/M/MV5BZTYwYTA2MWEtM2FjNS00MDNhLWIyMzMtODI0Mjg2Y2ZlODBiXkEyXkFqcGdeQXVyMjk3NTUyOTc@._V1._SX100_SY140_.jpg
331,Ternesio Terys,Other,
332,The Bear,Other,https://images-na.ssl-images-amazon.com/images/M/MV5BMzE0ODQyNzYtZjc4NC00ZmM5LWI5NTgtOTk2OWQ5NjY3ZmVkXkEyXkFqcGdeQXVyNDUzOTQ5MjY@._V1._SX100_SY140_.jpg
333,The Night King,Other,https://images-na.ssl-images-amazon.com/images/M/MV5BY2ZjNmYyMjAtNGUwYi00N2JmLWEyMTYtMDM5YmM2MWFhMWFiXkEyXkFqcGdeQXVyNDUzOTQ5MjY@._V1._SX100_SY140_.jpg
334,The Tickler,Other,https://images-na.ssl-images-amazon.com/images/M/MV5BNTRiZjdkNTctMzM3ZC00NDJjLWI1MjctNTdjZjFlYjNiOTMxXkEyXkFqcGdeQXVyMjg2MTMyNTM@._V1._SX100_SY140_.jpg
335,The Waif,Other,https://images-na.ssl-images-amazon.com/images/M/MV5BMzlkNTU5NTYtNmY5OS00NTY2LTk2YWItODU0OTc0MTA5NDQ1XkEyXkFqcGdeQXVyMjk3NTUyOTc@._V1._SX100_SY140_.jpg
336,Thenn Warg,Other,
337,Theon Greyjoy,Greyjoy,https://images-na.ssl-images-amazon.com/images/M/MV5BMTM3ODUyOTY3N15BMl5BanBnXkFtZTcwNjI4MTg4OQ@@._V1._SX100_SY140_.jpg
338,Thin Man,Other,
339,Thoros of Myr,Other,https://images-na.ssl-images-amazon.com/images/M/MV5BMTYwNzc0MDUzNF5BMl5BanBnXkFtZTcwMDc1NzE5OQ@@._V1._SX100_SY140_.jpg
340,Three-Eyed Raven,Other,https://images-na.ssl-images-amazon.com/images/M/MV5BOGI4NGRiNTUtM2ZlYy00ZjhlLWJlYWItMjgzNWIzYWQwZWY0XkEyXkFqcGdeQXVyMjk3NTUyOTc@._V1._SX100_SY140_.jpg
341,Timett,Other,https://images-na.ssl-images-amazon.com/images/M/MV5BMTM5MjU1NzA1NF5BMl5BanBnXkFtZTcwOTA2Nzk1NQ@@._V1._SX100_SY140_.jpg
342,Tobho Mott,Other,
343,Todder,Other,
344,Tomard,Other,
345,Tommen Baratheon,Baratheon,https://images-na.ssl-images-amazon.com/images/M/MV5BOTY1YWUxM2QtZjhmZC00ZmQ2LThkM2YtNTk2MmQ5OTk3NGMyXkEyXkFqcGdeQXVyMjk3NTUyOTc@._V1._SX100_SY140_.jpg
346,Tormund Giantsbane,Other,https://images-na.ssl-images-amazon.com/images/M/MV5BMTc1OTU3NjUzNF5BMl5BanBnXkFtZTcwNDE0NzE5OQ@@._V1._SX100_SY140_.jpg
347,Trystane Martell,Martell,"https://m.media-amazon.com/images/M/MV5BODkzNjY0NTA0MV5BMl5BanBnXkFtZTgwNjc1NDE3NTE@._V1_SX100_CR0,0,100,100_AL_.jpg"
348,Tycho Nestoris,Other,https://images-na.ssl-images-amazon.com/images/M/MV5BOTFjYWJjZTEtM2Y1Zi00YzE0LTkzOTItZGZkNzM2YjBiNjg5XkEyXkFqcGdeQXVyMjk3NTUyOTc@._V1._SX100_SY140_.jpg
349,Tyene Sand,Martell,https://images-na.ssl-images-amazon.com/images/M/MV5BNDY5NzBiMTQtYzhmMS00Y2FmLTkzYzYtYzM2ODBjNGZlNGNiXkEyXkFqcGdeQXVyMjk3NTUyOTc@._V1._SX100_SY140_.jpg
350,Tyrion Lannister,Lannister,https://images-na.ssl-images-amazon.com/images/M/MV5BMjA2MDAwOTI0OV5BMl5BanBnXkFtZTcwNjA3NDg1Nw@@._V1._SX100_SY140_.jpg
351,Tywin Lannister,Lannister,https://images-na.ssl-images-amazon.com/images/M/MV5BOTA4ODMxMzE1OV5BMl5BanBnXkFtZTcwMTM0ODg4OQ@@._V1._SX100_SY140_.jpg
352,Vala,Other,https://images-na.ssl-images-amazon.com/images/M/MV5BYzdiYzllYjMtMGJmNC00NWIwLWIwMzEtOTM1Mjk4ZTkxZDM1XkEyXkFqcGdeQXVyMjk3NTUyOTc@._V1._SX100_SY140_.jpg
353,Vardis Egen,Other,https://images-na.ssl-images-amazon.com/images/M/MV5BMzg1Y2NiYTYtNDY0Yi00OGMwLWJjZjktZDVlNDE1Y2M3MTMzXkEyXkFqcGdeQXVyMjk3NTUyOTc@._V1._SX100_SY140_.jpg
354,Varly,Other,
355,Viserion,Targaryen,
356,Viserys Targaryen,Targaryen,https://images-na.ssl-images-amazon.com/images/M/MV5BMTgwNzIxMTU1OV5BMl5BanBnXkFtZTcwNzI2ODg5NA@@._V1._SX100_SY140_.jpg
357,Walda Bolton,"['Bolton', 'Frey']",https://images-na.ssl-images-amazon.com/images/M/MV5BOTZiNWE2YTYtZDA2Ny00ZmUwLTk4ZWUtZjFkM2JkYjFiNjE3XkEyXkFqcGdeQXVyMjk3NTUyOTc@._V1._SX100_SY140_.jpg
358,Walder Frey,Frey,https://images-na.ssl-images-amazon.com/images/M/MV5BYzU0YzZjMTktZDA2Ni00YTRhLWFkZTgtOTQ4Yjg2MmQ2OGUzXkEyXkFqcGdeQXVyMjk3NTUyOTc@._V1._SX100_SY140_.jpg
359,Wallen,Other,
360,Warlock,Other,https://images-na.ssl-images-amazon.com/images/M/MV5BMzE0NjExMGMtYjJlOC00MWI4LTg5MTgtYTIzZTgxZjc2NDAyXkEyXkFqcGdeQXVyMjk3NTUyOTc@._V1._SX100_SY140_.jpg
361,Waymar Royce,Other,https://images-na.ssl-images-amazon.com/images/M/MV5BYzE1Y2EwN2QtMzMzZS00MDZkLTg4ZjItN2NkNGNkYjAzZGVlXkEyXkFqcGdeQXVyMjk3NTUyOTc@._V1._SX100_SY140_.jpg
362,Wedding Band,Other,
363,White Walker,Other,https://images-na.ssl-images-amazon.com/images/M/MV5BMjYzNDMyZWUtMDVlMy00OGQxLWFkZTctOWMxZDk1MDA5MmQzXkEyXkFqcGdeQXVyMjk3NTUyOTc@._V1._SX100_SY140_.jpg
364,White Walker,Other,https://images-na.ssl-images-amazon.com/images/M/MV5BMjYzNDMyZWUtMDVlMy00OGQxLWFkZTctOWMxZDk1MDA5MmQzXkEyXkFqcGdeQXVyMjk3NTUyOTc@._V1._SX100_SY140_.jpg
365,White Walker,Other,https://images-na.ssl-images-amazon.com/images/M/MV5BMjYzNDMyZWUtMDVlMy00OGQxLWFkZTctOWMxZDk1MDA5MmQzXkEyXkFqcGdeQXVyMjk3NTUyOTc@._V1._SX100_SY140_.jpg
366,White Walker #2,Other,https://images-na.ssl-images-amazon.com/images/M/MV5BMjYzNDMyZWUtMDVlMy00OGQxLWFkZTctOWMxZDk1MDA5MmQzXkEyXkFqcGdeQXVyMjk3NTUyOTc@._V1._SX100_SY140_.jpg
367,Wight Wildling Girl,Other,https://images-na.ssl-images-amazon.com/images/M/MV5BNTg0OTdiOTYtNjBlYS00ZjI1LWEzMTAtODExOWRhNDZhMWNhXkEyXkFqcGdeQXVyMjk3NTUyOTc@._V1._SX100_SY140_.jpg
368,Wildling Rioter,Other,
369,Will,Other,"https://images-na.ssl-images-amazon.com/images/M/MV5BMjA0NjU2MjIzNF5BMl5BanBnXkFtZTgwNzEyODI1MDI@._V1_SY100_CR16,0,100,100_AL_.jpg"
370,Willem Lannister,Lannister,
371,Willis Wode,Other,https://images-na.ssl-images-amazon.com/images/M/MV5BMmY3NWI0YTItNWFkZi00MTVlLWIyNDQtN2MwYjY0ZjhhOTdlXkEyXkFqcGdeQXVyMjk3NTUyOTc@._V1._SX100_SY140_.jpg
372,Wine Merchant,Other,
373,Winterfell Shepherd,Other,
374,Wun Wun,Other,https://images-na.ssl-images-amazon.com/images/M/MV5BNTFjMTczNTQtNzE5MC00ZTI1LWI0ZGMtMTA4NGU2ZGQ5ZjRkXkEyXkFqcGdeQXVyNDUzOTQ5MjY@._V1._SX100_SY140_.jpg
375,Wyllis,Other,
376,Xaro Xhoan Daxos,Other,https://images-na.ssl-images-amazon.com/images/M/MV5BMTU3NTA5NDA3NF5BMl5BanBnXkFtZTcwNzY2NDg1Nw@@._V1._SX100_SY140_.jpg
377,Yara Greyjoy,Greyjoy,https://images-na.ssl-images-amazon.com/images/M/MV5BMTc2NzU5ODk0MV5BMl5BanBnXkFtZTcwMzEyNDY2OQ@@._V1._SX100_SY140_.jpg
378,Yezzan zo Qaggaz,Other,https://images-na.ssl-images-amazon.com/images/M/MV5BZDgyOTFhMzktNWE5MS00YTY3LTk0YTYtMjkyMjFkODIxOTJiXkEyXkFqcGdeQXVyMjk3NTUyOTc@._V1._SX100_SY140_.jpg
379,Ygritte,Other,https://images-na.ssl-images-amazon.com/images/M/MV5BMTg0NDA1Njk3Nl5BMl5BanBnXkFtZTcwOTQ2NDk4OQ@@._V1._SX100_SY140_.jpg
380,Yohn Royce,Other,https://images-na.ssl-images-amazon.com/images/M/MV5BZjgwNDc4NGQtMmQyMS00YjMyLWFhZWUtZmM0MjRkYmNmNGExXkEyXkFqcGdeQXVyMjk3NTUyOTc@._V1._SX100_SY140_.jpg
381,Yoren,Other,https://images-na.ssl-images-amazon.com/images/M/MV5BMTZjZWMwZWItYTdlNi00N2RmLWFlYjQtZTZlYTIxYTRkMWJlXkEyXkFqcGdeQXVyMjk3NTUyOTc@._V1._SX100_SY140_.jpg
382,Young Benjen Stark,Stark,
383,Young Cersei Lannister,Lannister,
384,Young Lyanna Stark,Stark,
385,Young Nan,Other,
386,Young Ned,Stark,
387,Young Ned Stark,Stark,
388,Young Rodrik Cassel,Other,
389,Zanrush,Other,https://images-na.ssl-images-amazon.com/images/M/MV5BNTJjYzk1MGMtNjE3Mi00NjE2LTkzMWUtNGRjODVlY2JmMmI5XkEyXkFqcGdeQXVyMjk3NTUyOTc@._V1._SX100_SY140_.jpg
